epoch,steps,Pearson_Correlation,Spearman_Correlation
0.39093041438623927,500,0.5506958159574689,0.545836836842887
0.7818608287724785,1000,0.6381841645176146,0.6186150168802889
1.1727912431587177,1500,0.6642410860714445,0.6514079545847336
1.5637216575449568,2000,0.692628952011318,0.6801398374220237
1.9546520719311964,2500,0.708231656364465,0.6954790592353376
2.3455824863174355,3000,0.7224813930091978,0.7104347571836173
2.7365129007036746,3500,0.7312085163368045,0.7225081146745798
3.0,3837,0.739165862296372,0.730104725656858
