epoch,steps,Pearson_Correlation,Spearman_Correlation
1.0,1279,0.6507130869495652,0.638177333504491
2.0,2558,0.7081475031426915,0.6975866398621944
3.0,3837,0.739165862296372,0.730104725656858
